<annotation>
	<folder>train</folder>
	<filename>IMG_002.jpg</filename>
	<path>/Users/jessefinallenewton/Documents/Neuron Detection/neuron_sample_1/train/IMG_002.jpg</path>
	<source>
		<database>Unknown</database>
	</source>
	<size>
		<width>959</width>
		<height>720</height>
		<depth>3</depth>
	</size>
	<segmented>0</segmented>
	<object>
		<name>neuron</name>
		<pose>Unspecified</pose>
		<truncated>0</truncated>
		<difficult>0</difficult>
		<bndbox>
			<xmin>47</xmin>
			<ymin>194</ymin>
			<xmax>94</xmax>
			<ymax>235</ymax>
		</bndbox>
	</object>
	<object>
		<name>neuron</name>
		<pose>Unspecified</pose>
		<truncated>0</truncated>
		<difficult>0</difficult>
		<bndbox>
			<xmin>285</xmin>
			<ymin>267</ymin>
			<xmax>332</xmax>
			<ymax>308</ymax>
		</bndbox>
	</object>
	<object>
		<name>neuron</name>
		<pose>Unspecified</pose>
		<truncated>0</truncated>
		<difficult>0</difficult>
		<bndbox>
			<xmin>232</xmin>
			<ymin>297</ymin>
			<xmax>279</xmax>
			<ymax>338</ymax>
		</bndbox>
	</object>
	<object>
		<name>neuron</name>
		<pose>Unspecified</pose>
		<truncated>0</truncated>
		<difficult>0</difficult>
		<bndbox>
			<xmin>291</xmin>
			<ymin>325</ymin>
			<xmax>338</xmax>
			<ymax>366</ymax>
		</bndbox>
	</object>
	<object>
		<name>neuron</name>
		<pose>Unspecified</pose>
		<truncated>0</truncated>
		<difficult>0</difficult>
		<bndbox>
			<xmin>105</xmin>
			<ymin>283</ymin>
			<xmax>152</xmax>
			<ymax>324</ymax>
		</bndbox>
	</object>
	<object>
		<name>neuron</name>
		<pose>Unspecified</pose>
		<truncated>0</truncated>
		<difficult>0</difficult>
		<bndbox>
			<xmin>392</xmin>
			<ymin>201</ymin>
			<xmax>439</xmax>
			<ymax>242</ymax>
		</bndbox>
	</object>
	<object>
		<name>neuron</name>
		<pose>Unspecified</pose>
		<truncated>0</truncated>
		<difficult>0</difficult>
		<bndbox>
			<xmin>383</xmin>
			<ymin>274</ymin>
			<xmax>430</xmax>
			<ymax>315</ymax>
		</bndbox>
	</object>
	<object>
		<name>neuron</name>
		<pose>Unspecified</pose>
		<truncated>0</truncated>
		<difficult>0</difficult>
		<bndbox>
			<xmin>350</xmin>
			<ymin>362</ymin>
			<xmax>397</xmax>
			<ymax>403</ymax>
		</bndbox>
	</object>
	<object>
		<name>neuron</name>
		<pose>Unspecified</pose>
		<truncated>0</truncated>
		<difficult>0</difficult>
		<bndbox>
			<xmin>438</xmin>
			<ymin>354</ymin>
			<xmax>485</xmax>
			<ymax>395</ymax>
		</bndbox>
	</object>
	<object>
		<name>neuron</name>
		<pose>Unspecified</pose>
		<truncated>0</truncated>
		<difficult>0</difficult>
		<bndbox>
			<xmin>514</xmin>
			<ymin>342</ymin>
			<xmax>561</xmax>
			<ymax>383</ymax>
		</bndbox>
	</object>
	<object>
		<name>neuron</name>
		<pose>Unspecified</pose>
		<truncated>0</truncated>
		<difficult>0</difficult>
		<bndbox>
			<xmin>610</xmin>
			<ymin>328</ymin>
			<xmax>657</xmax>
			<ymax>369</ymax>
		</bndbox>
	</object>
	<object>
		<name>neuron</name>
		<pose>Unspecified</pose>
		<truncated>0</truncated>
		<difficult>0</difficult>
		<bndbox>
			<xmin>707</xmin>
			<ymin>349</ymin>
			<xmax>754</xmax>
			<ymax>390</ymax>
		</bndbox>
	</object>
	<object>
		<name>neuron</name>
		<pose>Unspecified</pose>
		<truncated>0</truncated>
		<difficult>0</difficult>
		<bndbox>
			<xmin>475</xmin>
			<ymin>291</ymin>
			<xmax>522</xmax>
			<ymax>332</ymax>
		</bndbox>
	</object>
	<object>
		<name>neuron</name>
		<pose>Unspecified</pose>
		<truncated>0</truncated>
		<difficult>0</difficult>
		<bndbox>
			<xmin>691</xmin>
			<ymin>233</ymin>
			<xmax>738</xmax>
			<ymax>274</ymax>
		</bndbox>
	</object>
	<object>
		<name>neuron</name>
		<pose>Unspecified</pose>
		<truncated>0</truncated>
		<difficult>0</difficult>
		<bndbox>
			<xmin>776</xmin>
			<ymin>228</ymin>
			<xmax>823</xmax>
			<ymax>269</ymax>
		</bndbox>
	</object>
	<object>
		<name>neuron</name>
		<pose>Unspecified</pose>
		<truncated>0</truncated>
		<difficult>0</difficult>
		<bndbox>
			<xmin>854</xmin>
			<ymin>276</ymin>
			<xmax>901</xmax>
			<ymax>317</ymax>
		</bndbox>
	</object>
	<object>
		<name>neuron</name>
		<pose>Unspecified</pose>
		<truncated>0</truncated>
		<difficult>0</difficult>
		<bndbox>
			<xmin>730</xmin>
			<ymin>480</ymin>
			<xmax>777</xmax>
			<ymax>521</ymax>
		</bndbox>
	</object>
	<object>
		<name>neuron</name>
		<pose>Unspecified</pose>
		<truncated>0</truncated>
		<difficult>0</difficult>
		<bndbox>
			<xmin>5</xmin>
			<ymin>319</ymin>
			<xmax>52</xmax>
			<ymax>360</ymax>
		</bndbox>
	</object>
</annotation>
