<annotation>
	<folder>train</folder>
	<filename>IMG_001.jpg</filename>
	<path>/Users/jessefinallenewton/Documents/Neuron Detection/neuron_sample_1/train/IMG_001.jpg</path>
	<source>
		<database>Unknown</database>
	</source>
	<size>
		<width>1198</width>
		<height>899</height>
		<depth>3</depth>
	</size>
	<segmented>0</segmented>
	<object>
		<name>neuron</name>
		<pose>Unspecified</pose>
		<truncated>0</truncated>
		<difficult>0</difficult>
		<bndbox>
			<xmin>477</xmin>
			<ymin>405</ymin>
			<xmax>535</xmax>
			<ymax>444</ymax>
		</bndbox>
	</object>
	<object>
		<name>neuron</name>
		<pose>Unspecified</pose>
		<truncated>0</truncated>
		<difficult>0</difficult>
		<bndbox>
			<xmin>566</xmin>
			<ymin>435</ymin>
			<xmax>622</xmax>
			<ymax>474</ymax>
		</bndbox>
	</object>
	<object>
		<name>neuron</name>
		<pose>Unspecified</pose>
		<truncated>0</truncated>
		<difficult>0</difficult>
		<bndbox>
			<xmin>628</xmin>
			<ymin>384</ymin>
			<xmax>680</xmax>
			<ymax>422</ymax>
		</bndbox>
	</object>
	<object>
		<name>neuron</name>
		<pose>Unspecified</pose>
		<truncated>0</truncated>
		<difficult>0</difficult>
		<bndbox>
			<xmin>689</xmin>
			<ymin>314</ymin>
			<xmax>741</xmax>
			<ymax>352</ymax>
		</bndbox>
	</object>
	<object>
		<name>neuron</name>
		<pose>Unspecified</pose>
		<truncated>0</truncated>
		<difficult>0</difficult>
		<bndbox>
			<xmin>775</xmin>
			<ymin>268</ymin>
			<xmax>848</xmax>
			<ymax>325</ymax>
		</bndbox>
	</object>
	<object>
		<name>neuron</name>
		<pose>Unspecified</pose>
		<truncated>0</truncated>
		<difficult>0</difficult>
		<bndbox>
			<xmin>871</xmin>
			<ymin>358</ymin>
			<xmax>944</xmax>
			<ymax>415</ymax>
		</bndbox>
	</object>
	<object>
		<name>neuron</name>
		<pose>Unspecified</pose>
		<truncated>0</truncated>
		<difficult>0</difficult>
		<bndbox>
			<xmin>704</xmin>
			<ymin>179</ymin>
			<xmax>762</xmax>
			<ymax>234</ymax>
		</bndbox>
	</object>
	<object>
		<name>neuron</name>
		<pose>Unspecified</pose>
		<truncated>0</truncated>
		<difficult>0</difficult>
		<bndbox>
			<xmin>863</xmin>
			<ymin>120</ymin>
			<xmax>921</xmax>
			<ymax>175</ymax>
		</bndbox>
	</object>
	<object>
		<name>neuron</name>
		<pose>Unspecified</pose>
		<truncated>0</truncated>
		<difficult>0</difficult>
		<bndbox>
			<xmin>903</xmin>
			<ymin>46</ymin>
			<xmax>961</xmax>
			<ymax>101</ymax>
		</bndbox>
	</object>
	<object>
		<name>neuron</name>
		<pose>Unspecified</pose>
		<truncated>0</truncated>
		<difficult>0</difficult>
		<bndbox>
			<xmin>773</xmin>
			<ymin>131</ymin>
			<xmax>819</xmax>
			<ymax>173</ymax>
		</bndbox>
	</object>
	<object>
		<name>neuron</name>
		<pose>Unspecified</pose>
		<truncated>0</truncated>
		<difficult>0</difficult>
		<bndbox>
			<xmin>437</xmin>
			<ymin>328</ymin>
			<xmax>506</xmax>
			<ymax>380</ymax>
		</bndbox>
	</object>
	<object>
		<name>neuron</name>
		<pose>Unspecified</pose>
		<truncated>0</truncated>
		<difficult>0</difficult>
		<bndbox>
			<xmin>375</xmin>
			<ymin>511</ymin>
			<xmax>426</xmax>
			<ymax>557</ymax>
		</bndbox>
	</object>
	<object>
		<name>neuron</name>
		<pose>Unspecified</pose>
		<truncated>0</truncated>
		<difficult>0</difficult>
		<bndbox>
			<xmin>166</xmin>
			<ymin>531</ymin>
			<xmax>217</xmax>
			<ymax>577</ymax>
		</bndbox>
	</object>
	<object>
		<name>neuron</name>
		<pose>Unspecified</pose>
		<truncated>0</truncated>
		<difficult>0</difficult>
		<bndbox>
			<xmin>257</xmin>
			<ymin>570</ymin>
			<xmax>308</xmax>
			<ymax>616</ymax>
		</bndbox>
	</object>
	<object>
		<name>neuron</name>
		<pose>Unspecified</pose>
		<truncated>0</truncated>
		<difficult>0</difficult>
		<bndbox>
			<xmin>397</xmin>
			<ymin>453</ymin>
			<xmax>448</xmax>
			<ymax>499</ymax>
		</bndbox>
	</object>
	<object>
		<name>neuron</name>
		<pose>Unspecified</pose>
		<truncated>0</truncated>
		<difficult>0</difficult>
		<bndbox>
			<xmin>504</xmin>
			<ymin>490</ymin>
			<xmax>555</xmax>
			<ymax>536</ymax>
		</bndbox>
	</object>
	<object>
		<name>neuron</name>
		<pose>Unspecified</pose>
		<truncated>0</truncated>
		<difficult>0</difficult>
		<bndbox>
			<xmin>437</xmin>
			<ymin>496</ymin>
			<xmax>488</xmax>
			<ymax>542</ymax>
		</bndbox>
	</object>
	<object>
		<name>neuron</name>
		<pose>Unspecified</pose>
		<truncated>0</truncated>
		<difficult>0</difficult>
		<bndbox>
			<xmin>198</xmin>
			<ymin>122</ymin>
			<xmax>249</xmax>
			<ymax>168</ymax>
		</bndbox>
	</object>
	<object>
		<name>neuron</name>
		<pose>Unspecified</pose>
		<truncated>0</truncated>
		<difficult>0</difficult>
		<bndbox>
			<xmin>340</xmin>
			<ymin>126</ymin>
			<xmax>391</xmax>
			<ymax>172</ymax>
		</bndbox>
	</object>
	<object>
		<name>neuron</name>
		<pose>Unspecified</pose>
		<truncated>0</truncated>
		<difficult>0</difficult>
		<bndbox>
			<xmin>565</xmin>
			<ymin>362</ymin>
			<xmax>616</xmax>
			<ymax>408</ymax>
		</bndbox>
	</object>
	<object>
		<name>neuron</name>
		<pose>Unspecified</pose>
		<truncated>0</truncated>
		<difficult>0</difficult>
		<bndbox>
			<xmin>955</xmin>
			<ymin>117</ymin>
			<xmax>1006</xmax>
			<ymax>163</ymax>
		</bndbox>
	</object>
	<object>
		<name>neuron</name>
		<pose>Unspecified</pose>
		<truncated>0</truncated>
		<difficult>0</difficult>
		<bndbox>
			<xmin>1025</xmin>
			<ymin>118</ymin>
			<xmax>1062</xmax>
			<ymax>157</ymax>
		</bndbox>
	</object>
	<object>
		<name>neuron</name>
		<pose>Unspecified</pose>
		<truncated>0</truncated>
		<difficult>0</difficult>
		<bndbox>
			<xmin>981</xmin>
			<ymin>76</ymin>
			<xmax>1018</xmax>
			<ymax>115</ymax>
		</bndbox>
	</object>
	<object>
		<name>neuron</name>
		<pose>Unspecified</pose>
		<truncated>0</truncated>
		<difficult>0</difficult>
		<bndbox>
			<xmin>1013</xmin>
			<ymin>34</ymin>
			<xmax>1050</xmax>
			<ymax>73</ymax>
		</bndbox>
	</object>
	<object>
		<name>neuron</name>
		<pose>Unspecified</pose>
		<truncated>0</truncated>
		<difficult>0</difficult>
		<bndbox>
			<xmin>1061</xmin>
			<ymin>55</ymin>
			<xmax>1098</xmax>
			<ymax>94</ymax>
		</bndbox>
	</object>
	<object>
		<name>neuron</name>
		<pose>Unspecified</pose>
		<truncated>1</truncated>
		<difficult>0</difficult>
		<bndbox>
			<xmin>1</xmin>
			<ymin>860</ymin>
			<xmax>37</xmax>
			<ymax>899</ymax>
		</bndbox>
	</object>
</annotation>
