<annotation>
	<folder>train</folder>
	<filename>IMG_004.jpg</filename>
	<path>/Users/jessefinallenewton/Documents/Neuron Detection/neuron_sample_1/train/IMG_004.jpg</path>
	<source>
		<database>Unknown</database>
	</source>
	<size>
		<width>968</width>
		<height>727</height>
		<depth>3</depth>
	</size>
	<segmented>0</segmented>
	<object>
		<name>neuron</name>
		<pose>Unspecified</pose>
		<truncated>0</truncated>
		<difficult>0</difficult>
		<bndbox>
			<xmin>65</xmin>
			<ymin>144</ymin>
			<xmax>106</xmax>
			<ymax>196</ymax>
		</bndbox>
	</object>
	<object>
		<name>neuron</name>
		<pose>Unspecified</pose>
		<truncated>0</truncated>
		<difficult>0</difficult>
		<bndbox>
			<xmin>52</xmin>
			<ymin>64</ymin>
			<xmax>120</xmax>
			<ymax>115</ymax>
		</bndbox>
	</object>
	<object>
		<name>neuron</name>
		<pose>Unspecified</pose>
		<truncated>0</truncated>
		<difficult>0</difficult>
		<bndbox>
			<xmin>139</xmin>
			<ymin>271</ymin>
			<xmax>201</xmax>
			<ymax>311</ymax>
		</bndbox>
	</object>
	<object>
		<name>neuron</name>
		<pose>Unspecified</pose>
		<truncated>0</truncated>
		<difficult>0</difficult>
		<bndbox>
			<xmin>186</xmin>
			<ymin>313</ymin>
			<xmax>238</xmax>
			<ymax>357</ymax>
		</bndbox>
	</object>
	<object>
		<name>neuron</name>
		<pose>Unspecified</pose>
		<truncated>0</truncated>
		<difficult>0</difficult>
		<bndbox>
			<xmin>265</xmin>
			<ymin>342</ymin>
			<xmax>317</xmax>
			<ymax>386</ymax>
		</bndbox>
	</object>
	<object>
		<name>neuron</name>
		<pose>Unspecified</pose>
		<truncated>0</truncated>
		<difficult>0</difficult>
		<bndbox>
			<xmin>261</xmin>
			<ymin>226</ymin>
			<xmax>337</xmax>
			<ymax>283</ymax>
		</bndbox>
	</object>
	<object>
		<name>neuron</name>
		<pose>Unspecified</pose>
		<truncated>0</truncated>
		<difficult>0</difficult>
		<bndbox>
			<xmin>410</xmin>
			<ymin>124</ymin>
			<xmax>478</xmax>
			<ymax>179</ymax>
		</bndbox>
	</object>
	<object>
		<name>neuron</name>
		<pose>Unspecified</pose>
		<truncated>0</truncated>
		<difficult>0</difficult>
		<bndbox>
			<xmin>678</xmin>
			<ymin>9</ymin>
			<xmax>746</xmax>
			<ymax>64</ymax>
		</bndbox>
	</object>
	<object>
		<name>neuron</name>
		<pose>Unspecified</pose>
		<truncated>0</truncated>
		<difficult>0</difficult>
		<bndbox>
			<xmin>148</xmin>
			<ymin>102</ymin>
			<xmax>217</xmax>
			<ymax>141</ymax>
		</bndbox>
	</object>
	<object>
		<name>neuron</name>
		<pose>Unspecified</pose>
		<truncated>0</truncated>
		<difficult>0</difficult>
		<bndbox>
			<xmin>111</xmin>
			<ymin>19</ymin>
			<xmax>180</xmax>
			<ymax>58</ymax>
		</bndbox>
	</object>
	<object>
		<name>neuron</name>
		<pose>Unspecified</pose>
		<truncated>0</truncated>
		<difficult>0</difficult>
		<bndbox>
			<xmin>179</xmin>
			<ymin>58</ymin>
			<xmax>210</xmax>
			<ymax>85</ymax>
		</bndbox>
	</object>
	<object>
		<name>neuron</name>
		<pose>Unspecified</pose>
		<truncated>0</truncated>
		<difficult>0</difficult>
		<bndbox>
			<xmin>198</xmin>
			<ymin>31</ymin>
			<xmax>239</xmax>
			<ymax>52</ymax>
		</bndbox>
	</object>
	<object>
		<name>neuron</name>
		<pose>Unspecified</pose>
		<truncated>0</truncated>
		<difficult>0</difficult>
		<bndbox>
			<xmin>215</xmin>
			<ymin>55</ymin>
			<xmax>238</xmax>
			<ymax>77</ymax>
		</bndbox>
	</object>
	<object>
		<name>neuron</name>
		<pose>Unspecified</pose>
		<truncated>0</truncated>
		<difficult>0</difficult>
		<bndbox>
			<xmin>488</xmin>
			<ymin>113</ymin>
			<xmax>529</xmax>
			<ymax>151</ymax>
		</bndbox>
	</object>
	<object>
		<name>neuron</name>
		<pose>Unspecified</pose>
		<truncated>0</truncated>
		<difficult>0</difficult>
		<bndbox>
			<xmin>499</xmin>
			<ymin>10</ymin>
			<xmax>540</xmax>
			<ymax>48</ymax>
		</bndbox>
	</object>
</annotation>
