<annotation>
	<folder>train</folder>
	<filename>IMG_003.jpg</filename>
	<path>/Users/jessefinallenewton/Documents/Neuron Detection/neuron_sample_1/train/IMG_003.jpg</path>
	<source>
		<database>Unknown</database>
	</source>
	<size>
		<width>1198</width>
		<height>899</height>
		<depth>3</depth>
	</size>
	<segmented>0</segmented>
	<object>
		<name>neuron</name>
		<pose>Unspecified</pose>
		<truncated>0</truncated>
		<difficult>0</difficult>
		<bndbox>
			<xmin>61</xmin>
			<ymin>212</ymin>
			<xmax>101</xmax>
			<ymax>250</ymax>
		</bndbox>
	</object>
	<object>
		<name>neuron</name>
		<pose>Unspecified</pose>
		<truncated>0</truncated>
		<difficult>0</difficult>
		<bndbox>
			<xmin>161</xmin>
			<ymin>226</ymin>
			<xmax>201</xmax>
			<ymax>264</ymax>
		</bndbox>
	</object>
	<object>
		<name>neuron</name>
		<pose>Unspecified</pose>
		<truncated>0</truncated>
		<difficult>0</difficult>
		<bndbox>
			<xmin>90</xmin>
			<ymin>140</ymin>
			<xmax>130</xmax>
			<ymax>178</ymax>
		</bndbox>
	</object>
	<object>
		<name>neuron</name>
		<pose>Unspecified</pose>
		<truncated>0</truncated>
		<difficult>0</difficult>
		<bndbox>
			<xmin>384</xmin>
			<ymin>75</ymin>
			<xmax>439</xmax>
			<ymax>114</ymax>
		</bndbox>
	</object>
	<object>
		<name>neuron</name>
		<pose>Unspecified</pose>
		<truncated>0</truncated>
		<difficult>0</difficult>
		<bndbox>
			<xmin>392</xmin>
			<ymin>185</ymin>
			<xmax>447</xmax>
			<ymax>224</ymax>
		</bndbox>
	</object>
	<object>
		<name>neuron</name>
		<pose>Unspecified</pose>
		<truncated>0</truncated>
		<difficult>0</difficult>
		<bndbox>
			<xmin>383</xmin>
			<ymin>238</ymin>
			<xmax>438</xmax>
			<ymax>277</ymax>
		</bndbox>
	</object>
	<object>
		<name>neuron</name>
		<pose>Unspecified</pose>
		<truncated>0</truncated>
		<difficult>0</difficult>
		<bndbox>
			<xmin>732</xmin>
			<ymin>367</ymin>
			<xmax>799</xmax>
			<ymax>431</ymax>
		</bndbox>
	</object>
</annotation>
